Ссылки,Первое обнаружение
http://gameinside.ua/?pollify_action=pollify-3&paged=465,2017-09-16
http://airsoftgun.ru/phpBB//memberlist.php?sk=d&sd=a&first_char=&start=11250,2017-09-16
http://www.strana-cvetov.kiev.ua/mapa/?go=1&rayon=1&lang=rus&start=177&all=2172,2017-09-15
http://www.rastem.ru/forum/memberlist.php?mode=mobamlidfqj&order=ASC&start=3200,2017-09-15
http://who-is-who.ua/main/contentbook/335/140,2017-09-15
http://gameinside.ua/?p=rrenuigue&paged=474,2017-09-15
http://kiev.spravker.ru/operativnaya-poligrafiya/,2017-09-14
http://who-is-who.ua/main/contentbook/335/138,2017-09-09
http://kiev.spravker.ru/reklamnaya-produktsiya/,2017-09-09
http://kancport.com.ua/ua/members/sites/page9839_6.html?s=%5Ewww,2017-09-09
https://yandex.ua/maps/org/kompaniia_a_skryn/1125293931/?lang=ru,2017-09-08
http://gameinside.ua/?action=ashpiyisfym&paged=468,2017-09-07
http://gameinside.ua/?action=ashpiyisfym&paged=467,2017-09-05
http://job-sbu.org/neobyichnyie-podarki-dlya-druzey-i-rodnyih-51059.html,2017-09-04
http://gameinside.ua/?p15754&paged=467,2017-09-04
https://job-sbu.org/neobyichnyie-podarki-dlya-druzey-i-rodnyih-51059.html,2017-09-03
http://www.progulka.kiev.ua/news/index.php?lang=rus&all=832&len=5&start=500,2017-09-03
http://forums.costsaving.net/memberlist.php?mode=joined&order=DESC&start=1158400,2017-09-03
http://airsoftgun.ru/phpBB//memberlist.php?g=51388&sk=d&sd=a&mode=group&start=9650,2017-09-03
http://www.progulka.kiev.ua/news/index.php?lang=rus&all=832&len=5&start=670,2017-09-02
http://www.progulka.kiev.ua/news/index.php?lang=rus&all=0&len=5&start=131,2017-09-02
http://gameinside.ua/?ui=2&ik=659364d189&view=att&th=13a6a285d37f898c&attid=0.21&disp=safe&realattid=f_h8d5qm2t20&zw&paged=465,2017-09-01
http://www.progulka.kiev.ua/news/index.php?lang=rus&all=832&len=5&start=445,2017-08-30
http://www.progulka.kiev.ua/news/index.php?lang=rus&all=832&len=5&start=105,2017-08-30
http://forums.costsaving.net/memberlist.php?mode=joined&order=DESC&start=1158300,2017-08-30
http://www.progulka.kiev.ua/news/index.php?lang=rus&all=832&len=5&start=785,2017-08-29
http://www.progulka.kiev.ua/news/index.php?lang=rus&all=832&len=5&start=780,2017-08-29
http://www.progulka.kiev.ua/news/index.php?lang=rus&all=832&len=5&start=715,2017-08-29
http://www.progulka.kiev.ua/news/index.php?lang=rus&all=832&len=5&start=450,2017-08-29
http://www.progulka.kiev.ua/news/index.php?lang=rus&all=832&len=5&start=440,2017-08-29
http://www.progulka.kiev.ua/news/index.php?lang=rus&all=832&len=5&start=425,2017-08-29
http://www.progulka.kiev.ua/news/index.php?lang=rus&all=832&len=5&start=400,2017-08-29
http://www.progulka.kiev.ua/mapa/?lang=rus&go=1&rayon=1&start=0&search=&all=1612,2017-08-29
http://www.progulka.kiev.ua/mapa/?go=1&rayon=1&lang=rus,2017-08-29
http://kiev.jsprav.ru/izgotovlenie-i-optovaya-prodazha-suvenirov/,2017-08-29
http://borispol.spravker.ru/shelkografiya/,2017-08-29
https://yandex.com/maps/org/a_screen/1125293931/,2017-08-28
http://www.strana-cvetov.kiev.ua/mapa/?go=1&rayon=1&lang=eng&start=1660&all=1928,2017-08-28
http://www.quebecscoot.com/forum/member.php?32028-indilicat&tab=activitystream&type=user&page=4,2017-08-28
http://www.progulka.kiev.ua/news/index.php?lang=rus&all=832&len=5&start=460,2017-08-28
http://www.progulka.kiev.ua/news/index.php?lang=rus&all=832&len=5&start=430,2017-08-28
http://www.progulka.kiev.ua/news/index.php?lang=rus&all=832&len=5&start=295,2017-08-28
http://www.progulka.kiev.ua/news/index.php?lang=rus&all=832&len=5&start=165,2017-08-28
http://forum.codecorona.com/member.php?action=profile&uid=5361,2017-08-28
http://airsoftgun.ru/phpBB//memberlist.php?g=51388&sk=c&sd=d&mode=group&start=18700,2017-08-28
http://airsoftgun.ru/phpBB//memberlist.php?g=51388&sk=b&sd=d&mode=group&start=6350,2017-08-28
http://www.progulka.kiev.ua/news/index.php?lang=rus&all=832&len=5&start=90,2017-08-27
http://www.progulka.kiev.ua/news/index.php?lang=rus&all=832&len=5&start=685,2017-08-27
http://www.progulka.kiev.ua/news/index.php?lang=rus&all=832&len=5&start=515,2017-08-27
http://www.progulka.kiev.ua/news/index.php?lang=rus&all=832&len=5&start=455,2017-08-27
http://www.progulka.kiev.ua/news/index.php?lang=rus&all=832&len=5&start=345,2017-08-27
http://www.progulka.kiev.ua/news/index.php?lang=rus&all=832&len=5&start=205,2017-08-27
http://www.progulka.kiev.ua/news/index.php?lang=rus&all=832&len=5&start=160,2017-08-27
http://www.progulka.kiev.ua/news/index.php?lang=rus&all=832&len=5&start=15,2017-08-27
http://www.progulka.kiev.ua/news/index.php?lang=rus&all=832&len=5&start=135,2017-08-27
http://print.adverman.com/old/modules/mycatalog/viewcat.php?cid=14&orderby=hitsA,2017-08-27
http://www.strana-cvetov.kiev.ua/news/index.php?lang=rus&all=8123&len=5&start=2335,2017-08-26
http://www.quebecscoot.com/forum/member.php?32028-indilicat&tab=activitystream&type=photos&page=2,2017-08-26
http://www.progulka.kiev.ua/news/index.php?lang=rus&all=832&len=5&start=85,2017-08-26
http://www.progulka.kiev.ua/news/index.php?lang=rus&all=832&len=5&start=725,2017-08-26
http://www.progulka.kiev.ua/news/index.php?lang=rus&all=832&len=5&start=575,2017-08-26
http://www.progulka.kiev.ua/news/index.php?lang=rus&all=832&len=5&start=565,2017-08-26
http://www.progulka.kiev.ua/news/index.php?lang=rus&all=832&len=5&start=560,2017-08-26
http://www.progulka.kiev.ua/news/index.php?lang=rus&all=832&len=5&start=545,2017-08-26
http://www.progulka.kiev.ua/news/index.php?lang=rus&all=832&len=5&start=435,2017-08-26
http://photoshopforce.com/forum/memberlist.php?mode=joined&order=DESC&start=355875,2017-08-26
http://www.progulka.kiev.ua/news/index.php?lang=rus&all=832&len=5&start=665,2017-08-25
http://www.w201club.com/forum/index.php?showtopic=2353&view=findpost&p=26972,2017-08-24
http://www.progulka.kiev.ua/news/index.php?lang=rus&all=832&len=5&start=770,2017-08-22
http://www.progulka.kiev.ua/news/index.php?lang=rus&all=832&len=5&start=610,2017-08-22
http://www.progulka.kiev.ua/news/index.php?lang=rus&all=284&len=5&start=240,2017-08-22
http://forum.codecorona.com/member.php?action=profile&uid=5365,2017-08-22
http://airsoftgun.ru/phpBB/memberlist.php?sk=b&sd=d&first_char=p&mode=searchuser&start=350,2017-08-22
http://airsoftgun.ru/phpBB/memberlist.php?mode=searchuser&start=29200&g=0&sk=b&sd=a,2017-08-22
http://www.strana-cvetov.kiev.ua/mapa/?lang=eng&go=1&rayon=1&start=361&search=&all=1925,2017-08-21
http://www.progulka.kiev.ua/news/index.php?lang=rus&all=832&len=5&start=775,2017-08-21
http://www.progulka.kiev.ua/news/index.php?lang=rus&all=284&len=5&start=95,2017-08-21
http://www.progulka.kiev.ua/news/index.php?lang=rus&all=284&len=5&start=280,2017-08-21
http://who-is-who.ua/main/contentbook/335/115,2017-08-20
http://coal.colisey.ru/tag/kamnesamocvetnoe-syre/,2017-08-20
http://www.progulka.kiev.ua/vistavka/?i=23,2017-08-19
http://www.progulka.kiev.ua/news/index.php?lang=rus&all=832&len=5&start=830,2017-08-19
http://www.progulka.kiev.ua/news/index.php?lang=rus&all=832&len=5&start=535,2017-08-19
http://www.progulka.kiev.ua/news/index.php?lang=rus&all=284&len=5&start=175,2017-08-19
http://tingcipamo.magix.net/eau/261/print_na_futbolku_kiev.html,2017-08-19
http://airsoftgun.ru/phpBB//memberlist.php?sk=d&sd=a&first_char=&mode=searchuser&start=6350,2017-08-19
http://airsoftgun.ru/phpBB//memberlist.php?mode=searchuser&start=17350&sk=c&sd=a,2017-08-19
http://www.w201club.com/forum/index.php?showtopic=2353&view=findpost&p=27035,2017-08-18
http://www.progulka.kiev.ua/reclama/?go=0&lang=eng,2017-08-18
http://www.progulka.kiev.ua/news/index.php?lang=rus&all=284&len=5&start=255,2017-08-18
http://www.progulka.kiev.ua/mapa/?go=1&rayon=3&lang=rus&start=60&all=60,2017-08-18
http://www.annees-laser.com/forum/memberlist.php?mode=joined&order=ASC&start=6690&sid=37a71f3c111f409c0a07f2d09d1c5052,2017-08-18
http://gameinside.ua/?action=ashpiyisfym&paged=460,2017-08-18
http://airsoftgun.ru/phpBB/memberlist.php?sk=b&sd=d&first_char=p&start=350,2017-08-18
http://airsoftgun.ru/phpBB/memberlist.php?mode=searchuser&start=29100&g=0&sk=b&sd=a,2017-08-18
http://airsoftgun.ru/phpBB/memberlist.php?g=0&sk=d&sd=d&first_char=&start=24900,2017-08-18
http://airsoftgun.ru/phpBB//memberlist.php?g=51388&sk=c&sd=d&mode=group&start=18650,2017-08-18
http://www.progulka.kiev.ua/vistavka/?i=58,2017-08-17
http://www.progulka.kiev.ua/vistavka/?i=41,2017-08-17
http://www.progulka.kiev.ua/news/index.php?lang=rus&all=284&len=5&start=130,2017-08-17
http://www.progulka.kiev.ua/mapa/?lang=rus&go=1&rayon=3&start=&search=&all=,2017-08-17
http://th-forum.travian.com/memberlist.php?page=1141&order=asc&sort=username,2017-08-17
http://gameinside.ua/?ngg&paged=459,2017-08-17
http://www.progulka.kiev.ua/news/index.php?lang=rus&all=284&len=5&start=35,2017-08-16
http://print.adverman.com/old/modules/mycatalog/viewcat.php?cid=14&orderby=dateD,2017-08-15
http://www.strana-cvetov.kiev.ua/mapa/?go=1&rayon=1&lang=rus&start=2131&all=2191,2017-08-14
http://www.progulka.kiev.ua/mapa/?go=1&rayon=4&lang=ukr&start=5&all=4279,2017-08-14
https://ua.kompass.com/c/%D0%B0-%D1%81%D0%BA%D1%80%D0%B8%D0%BD-%D0%BA%D0%BF/ua100799/,2017-08-13
http://www.quebecscoot.com/forum/member.php?32028-indilicat&tab=activitystream&type=photos&page=1,2017-08-13
http://www.progulka.kiev.ua/mapa/?go=1&rayon=5&lang=eng&start=5229&all=5229,2017-08-13
http://www.progulka.kiev.ua/news/index.php?lang=rus&all=0&len=5&start=1355,2017-08-12
http://www.progulka.kiev.ua/video/index.php?lang=rus&all=27&len=9&start=18,2017-08-11
http://www.progulka.kiev.ua/news/index.php?lang=rus&all=832&len=5&start=525,2017-08-11
http://www.progulka.kiev.ua/mapa/?lang=eng&go=1&rayon=5&start=&search=&all=,2017-08-11
http://www.progulka.kiev.ua/mapa/?lang=eng&go=1&rayon=3&start=&search=&all=,2017-08-11
http://www.progulka.kiev.ua/mapa/?go=1&rayon=4&lang=ukr&start=3&all=4279,2017-08-11
http://www.progulka.kiev.ua/letters/?lang=eng&go=&rayon=&start=&search=&all=,2017-08-11
http://www.progulka.kiev.ua/letters/?lang=eng,2017-08-11
http://airsoftgun.ru/phpBB//memberlist.php?mode=searchuser&start=22050&sk=a&sd=a,2017-08-11
http://www.quebecscoot.com/forum/member.php?32028-indilicat&tab=activitystream&type=friends&page=2,2017-08-10
http://airsoftgun.ru/phpBB//memberlist.php?sk=b&sd=d&first_char=&start=8300,2017-08-10
http://www.progulka.kiev.ua/mapa/?go=1&rayon=4&lang=ukr&start=4279&all=4279,2017-08-09
http://airsoftgun.ru/phpBB//memberlist.php?sk=d&sd=d&first_char=&mode=searchuser&start=24850,2017-08-09
http://airsoftgun.ru/phpBB//memberlist.php?mode=searchuser&start=34400&sk=f&sd=a&first_char=,2017-08-09
http://www.progulka.kiev.ua/mapa/?lang=rus&go=1&rayon=4&start=&search=&all=,2017-08-08
http://www.progulka.kiev.ua/mapa/?go=1&rayon=4&lang=rus,2017-08-08
http://airsoftgun.ru/phpBB/memberlist.php?mode=searchuser&start=1450&sk=f&sd=a&first_char=p,2017-08-08
http://airsoftgun.ru/phpBB//memberlist.php?sk=f&sd=a&first_char=&start=34400,2017-08-08
http://www.progulka.kiev.ua/mapa/?go=1&rayon=4&lang=ukr&start=2&all=4279,2017-08-07
http://mama.tomsk.ru/forum/memberlist.php?mode=username&order=ASC&start=9400&sid=1a500d33d8ed60d16b5d864f4254028e,2017-08-07
https://yandex.com.tr/harita/org/a_screen/1125293931/,2017-08-06
http://www.progulka.kiev.ua/mapa/?go=1&rayon=4&lang=ukr&start=1&all=4279,2017-08-06
http://gameinside.ua/?pollify_action=pollify-3&paged=452,2017-08-06
http://airsoftgun.ru/phpBB/memberlist.php?mode=searchuser&start=28950&g=0&sk=b&sd=a,2017-08-06
http://airsoftgun.ru/phpBB/memberlist.php?mode=searchuser&start=28900&g=0&sk=b&sd=a,2017-08-06
https://www.ukralio.com/a-screen.kiev.ua,2017-08-05
http://print.adverman.com/old/modules/myarticles/article.php?mode=flat&order=1&item_id=10,2017-08-05
http://print.adverman.com/old/modules/myarticles/article.php?mode=0&order=1&item_id=10,2017-08-05
http://kiev.spravker.ru/perepletnyie-rabotyi/,2017-08-05
http://www.kiev.goldenpages.ua/details/421787/3290/%D0%B0-%D1%81%D0%BA%D1%80%D0%B8%D0%BD-%D1%84%D0%B8%D1%80%D0%BC%D0%B0-%D0%BA%D0%BF,2017-08-04
http://kiev.jsprav.ru/poligraficheskie-uslugi/kompaniya-a-ckrin.html,2017-08-04
http://www.placereference.com/page/Home-Hotel-Apartments-on-Lva-Tolstogo/55a527a9d1bf8500bda3479e/,2017-08-03
http://print.adverman.com/old/modules/myarticles/article.php?mode=flat&order=0&item_id=10,2017-08-03
http://www.quebecscoot.com/forum/member.php?32028-indilicat&tab=activitystream&type=user&page=3,2017-08-02
http://www.rada.com.ua/ukr/catalog/60354/,2017-08-01
http://www.rada.com.ua/rus/catalog/60354/,2017-08-01
http://rada.com.ua/ukr/catalog/60354/,2017-08-01
http://rada.com.ua/rus/catalog/60354/,2017-08-01
https://vk.com/ascreenprintkiev,2017-07-31
https://ukrmap.org/year2016/373.html,2017-07-31
http://www.kancport.com.ua/ua/members/sites/page7_7.html?s=%5Emain_phone,2017-07-31
http://print.adverman.com/old/modules/myarticles/article.php?storyid=10,2017-07-31
http://ink361.com/app/users/ig-1527502290/ascreenprint/photos,2017-07-31
http://rego.narod.ru/zakladky.html,2017-07-30
http://krb.in.ua/?p=22241,2017-07-30
http://airsoftgun.ru/phpBB//memberlist.php?sk=d&sd=d&first_char=&start=24850,2017-07-30
http://www.progulka.kiev.ua/vistavka,2017-07-29
http://zh.ink361.com/app/users/ig-1527502290/ascreenprint/photos,2017-07-28
http://www.progulka.kiev.ua/vistavka/?i=40,2017-07-28
http://www.kancport.com.ua/ua/members/sites/page0_5.html,2017-07-28
http://www.progulka.kiev.ua/vistavka/?i=31,2017-07-25
https://yandex.kz/maps/org/kompaniia_a_skryn/1125293931,2017-07-23
https://en.freelancehunt.com/freelancer/d_novoseletskiy.html,2017-07-23
https://rubrikator24.ru/A-Screen-v-ki-v-2864806,2017-07-22
http://www.progulka.kiev.ua/mapa/?go=1&rayon=8&lang=eng,2017-07-22
http://kiev.spravker.ru/poligraficheskie-uslugi/,2017-07-22
https://uk.freelancehunt.com/freelancer/d_novoseletskiy.html,2017-07-21
http://kiev.spravker.ru/shirokoformatnaya-pechat/,2017-07-21
http://nazareff.narod.ru/products/c/pechat_na_futbolkah_kiev_olimpiyskiy.html,2017-07-19
http://www.management.com.ua/partners/2017/07/17/futbolka-s-originalnoj-nadpisyu-tochno-obratit-na-sebya-vnimanie/,2017-07-17
https://ua.kompass.com/et/c/a-screen-collective-business/ua100799/,2017-07-15
http://www.progulka.kiev.ua/vistavka/?i=57,2017-07-15
http://www.progulka.kiev.ua/vistavka/?i=15,2017-07-15
http://www.strana-cvetov.kiev.ua/mapa/?lang=rus&go=1&rayon=1&start=1604&search=&all=1925,2017-07-13
http://www.strana-cvetov.kiev.ua/mapa/?go=0&lang=rus,2017-07-12
http://www.suworow.pl/forum/profile.php?mode=viewprofile&u=11939&sid=2c80000b989f5402632716a32227a5e5,2017-07-11
http://brovary.spravker.ru/shelkografiya/,2017-07-11
http://airsoftgun.ru/phpBB//memberlist.php?sk=b&sd=a&first_char=&mode=searchuser&start=28800,2017-07-11
http://airsoftgun.ru/phpBB//memberlist.php?g=51388&sk=f&sd=a&mode=group&start=34200,2017-07-11
http://www.progulka.kiev.ua/video/?lang=rus,2017-07-10
http://www.progulka.kiev.ua/video/?lang=eng,2017-07-10
http://www.progulka.kiev.ua/letters/?lang=rus,2017-07-10
http://www.progulka.kiev.ua/audio/?lang=rus,2017-07-10
http://www.progulka.kiev.ua/audio/?lang=eng,2017-07-10
http://www.internetsputnik.ru/tag.php?tags=%D1%81%D0%BE%D0%B7%D0%B4%D0%B0%D0%BD%D0%B8%D0%B5%20%D0%B1%D0%B0%D0%BD%D0%BD%D0%B5%D1%80%D0%BE%D0%B2,2017-07-10
http://forum.cinemacenter.ir/memberslist/index629.html,2017-07-10
http://vasilkov.ruspravker.ru/suvenirnaya-produktsiya/talers.htm,2017-07-09
http://tshirtsun.appspot.com/mayki_kompyuternye.html,2017-07-09
https://locator.ua/ru/p/%D0%BA%D0%B8%D0%B5%D0%B2/%D1%82%D0%B5%D1%80%D0%B5%D1%89%D0%B5%D0%BD%D0%BA%D0%BE%D0%B2%D1%81%D0%BA%D0%B0%D1%8F-13/a-screen/p57120/,2017-07-08
https://locator.ua/ru/p/%D0%BA%D0%B8%D0%B5%D0%B2/%D1%82%D0%B5%D1%80%D0%B5%D1%89%D0%B5%D0%BD%D0%BA%D0%BE%D0%B2%D1%81%D0%BA%D0%B0%D1%8F-13/%D0%BA%D0%BE%D0%BC%D0%BF%D0%B0%D0%BD%D0%B8%D1%8F-%D0%B0-c%D0%BA%D1%80%D0%B8%D0%BD/p57120/,2017-07-08
http://www.progulka.kiev.ua/mapa/?lang=rus&go=1&rayon=8&start=&search=&all=,2017-07-08
http://www.progulka.kiev.ua/mapa/?go=1&rayon=8&lang=rus,2017-07-08
http://www.progulka.kiev.ua/news/index.php?lang=rus&all=832&len=5&start=230,2017-07-06
http://kiev.ruspravker.ru/poligraficheskie-uslugi/,2017-07-06
http://www.strana-cvetov.kiev.ua/news/index.php?lang=rus&all=0&len=5&start=3430,2017-07-04
http://www.strana-cvetov.kiev.ua/mapa/?go=1&rayon=1&lang=ukr&start=1631&all=1925,2017-07-04
http://www.strana-cvetov.kiev.ua/mapa/?go=1&rayon=1&lang=eng&start=1614&all=1925,2017-07-04
http://www.find.biz.ua/?id=1125293931,2017-07-04
http://toniamartinez.com/foro/memberlist.php?mode=joined&order=ASC&start=272650&sid=242618f02589f6364b56d447e868b739,2017-07-04
http://www.strana-cvetov.kiev.ua/mapa/?go=1&rayon=1&lang=eng&start=4&all=2191,2017-07-03
http://www.progulka.kiev.ua/vistavka/?i=25,2017-07-03
http://www.progulka.kiev.ua/vistavka/?i=22,2017-07-03
http://www.progulka.kiev.ua/mapa/?lang=eng&go=1&rayon=7&start=&search=&all=,2017-07-03
http://www.progulka.kiev.ua/mapa/?go=1&rayon=10&lang=rus&start=0&all=128,2017-07-03
http://mos-tbo.narod.ru/mayki/w/raschet_stoimosti_termopechati_na_futbolkah.html,2017-07-03
http://www.progulka.kiev.ua/video/index.php?lang=ukr&all=27&len=9&start=9,2017-07-02
http://www.progulka.kiev.ua/video/index.php?lang=eng&all=27&len=9&start=9,2017-07-02
http://www.progulka.kiev.ua/mapa/?go=1&rayon=6&lang=rus,2017-07-02
https://rabota.ua/pages/jobsearch/company.aspx?ntid=4536245,2017-07-01
http://www.quebecscoot.com/forum/member.php?32028-indilicat&tab=activitystream&type=user&page=2,2017-07-01
http://www.progulka.kiev.ua/audio/?lang=rus?lang=ukr,2017-07-01
http://ua.spravinfo.ru/44-4944011.html,2017-07-01
https://yandex.com.tr/harita/org/kompaniia_a_skryn/1125293931,2017-06-30
http://www.progulka.kiev.ua/vistavka/?i=61,2017-06-30
http://www.progulka.kiev.ua/vistavka/?i=32,2017-06-30
http://poisk.biz.ua/search/region/kievskaja-oblast/Page-18-20.html,2017-06-30
https://yandex.com/maps/org/kompaniia_a_skryn/1125293931,2017-06-27
http://ja.ink361.com/app/users/ig-1527502290/ascreenprint/stats,2017-06-26
http://ellencompder.magix.net/url/186/deshevaya_pechat_na_futbolkah_kiev.html,2017-06-26
http://bs20011.narod.ru/products/282.html,2017-06-26
http://www.rastem.ru/forum/memberlist.php?mode=mobamlidfqj&order=ASC&start=3200&sid=f6a64394e18072d9d128a9b1c545df52,2017-06-25
http://www.progulka.kiev.ua/news/index.php?lang=rus&all=685&len=5&start=395,2017-06-25
http://www.progulka.kiev.ua/mapa/?go=1&rayon=7&lang=rus&start=1&all=485,2017-06-25
http://bizcat.com.ua/kompanija-a-ckrin.html,2017-06-25
http://airsoftgun.ru/phpBB//memberlist.php?mode=searchuser&start=17350&first_char=,2017-06-25
http://www.progulka.kiev.ua/mapa/?go=1&rayon=8&lang=rus&start=5151&all=5151,2017-06-24
http://www.progulka.kiev.ua/mapa/?go=1&rayon=8&lang=rus&start=1&all=5151,2017-06-24
http://coal.colisey.ru/en/tag/kamnesamocvetnoe-syre/,2017-06-24
http://brevno-62.narod.ru/mag/u/116.html,2017-06-24
http://apylinen.magix.net/rams/78/pechat_na_futbolkah_kiev_nizkie_ceny.html,2017-06-24
http://www.progulka.kiev.ua/vistavka/?i=51,2017-06-22
http://www.progulka.kiev.ua/mapa/?go=1&rayon=9&lang=rus,2017-06-22
http://www.progulka.kiev.ua/mapa/?go=1&rayon=7&lang=rus,2017-06-22
http://ru.ink361.com/app/users/ig-1527502290/ascreenprint/photos,2017-06-22
http://www.shops-in.net/ru/p/%D0%BA%D0%B8%D0%B5%D0%B2/%D1%82%D0%B5%D1%80%D0%B5%D1%89%D0%B5%D0%BD%D0%BA%D0%BE%D0%B2%D1%81%D0%BA%D0%B0%D1%8F-13/%D0%BA%D0%BE%D0%BC%D0%BF%D0%B0%D0%BD%D0%B8%D1%8F-%D0%B0-c%D0%BA%D1%80%D0%B8%D0%BD/p57120/,2017-06-21
http://www.progulka.kiev.ua/news/index.php?lang=rus&all=832&len=5&start=145,2017-06-21
http://www.progulka.kiev.ua/vistavka/?i=35,2017-06-20
http://kiev.spravker.ru/izgotovlenie-vizitok/,2017-06-20
http://www.progulka.kiev.ua/reclama/?lang=rus&go=1&id=4,2017-06-19
http://kiev.spravker.ru/3d-pechat/,2017-06-19
http://www.progulka.kiev.ua/mapa/?lang=rus&go=1&rayon=10&start=&search=&all=,2017-06-18
http://www.progulka.kiev.ua/mapa/?go=1&rayon=10&lang=rus&start=1&all=128,2017-06-18
http://vasilkov.spravker.ru/suvenirnaya-produktsiya/,2017-06-17
http://www.saytopad.ru/modernizaciya-sajtov/,2017-06-16
http://da-tex.com.ua/index.php/articles/103-thin,2017-06-16
http://www.progulka.kiev.ua/mapa/?go=1&rayon=6&lang=eng,2017-06-14
http://who-is-who.ua/main/contentbook/335/1,2017-06-14
http://www.strana-cvetov.kiev.ua/mapa/?lang=ukr&go=1&rayon=1&start=1561&search=&all=1925,2017-06-11
http://www.strana-cvetov.kiev.ua/mapa/?go=1&rayon=1&lang=rus&start=2137&all=2175,2017-06-11
http://www.strana-cvetov.kiev.ua/mapa/?go=1&rayon=1&lang=eng&start=1563&all=1925,2017-06-11
http://www.progulka.kiev.ua/mapa/?lang=eng&go=1&rayon=4&start=0&search=&all=4279,2017-06-11
http://www.progulka.kiev.ua/mapa/?go=1&rayon=6&lang=rus&start=1&all=1098,2017-06-11
http://da-tex.com.ua/index.php/categories/category/view/38,2017-06-11
http://babyari.com/forum/memberlist.php?mode=viewprofile&order=ASC&start=185700&sid=ee36e09f608c6c0ad7e63b75086c0cac,2017-06-11
http://airsoftgun.ru/phpBB//memberlist.php?start=21850&sk=a&sd=a&first_char=,2017-06-11
http://www.strana-cvetov.kiev.ua/mapa/?lang=eng&go=1&rayon=1&start=2235&search=&all=2289,2017-06-10
http://www.strana-cvetov.kiev.ua/mapa/?lang=eng&go=1&rayon=1&start=1562&search=&all=1925,2017-06-10
http://www.strana-cvetov.kiev.ua/mapa/?go=1&rayon=1&lang=ukr&start=2235&all=2289,2017-06-10
http://www.strana-cvetov.kiev.ua/mapa/?go=1&rayon=1&lang=rus&start=403&all=1928,2017-06-10
http://www.strana-cvetov.kiev.ua/mapa/?go=1&rayon=1&lang=eng&start=41&all=2069,2017-06-10
http://www.progulka.kiev.ua/vistavka/?i=5,2017-06-10
http://www.progulka.kiev.ua/vistavka/?i=36,2017-06-10
http://www.progulka.kiev.ua/mapa/?go=1&rayon=6&lang=rus&start=0&all=1098,2017-06-10
http://hotibo.com.ua/biznes-yslygi/proizvodstvennye-yslygi/a-screen-pechat-na-fytbolkax-shvejnoe-proizvodstvo-v-kieve-izgotovlenie-syvenirov_i122005,2017-06-10
http://granitdvor.narod.ru/products/179.html,2017-06-10
http://babyari.com/forum/memberlist.php?mode=viewprofile&order=ASC&start=185800&sid=a865e4538c94fc00d79dd27c9c53a15d,2017-06-10
http://www.strana-cvetov.kiev.ua/mapa/?lang=ukr&go=1&rayon=1&start=523&search=&all=1925,2017-06-09
http://www.strana-cvetov.kiev.ua/mapa/?lang=ukr&go=1&rayon=1&start=484&search=&all=1925,2017-06-09
http://www.strana-cvetov.kiev.ua/mapa/?lang=rus&go=1&rayon=1&start=533&search=&all=1925,2017-06-09
http://www.strana-cvetov.kiev.ua/mapa/?lang=rus&go=1&rayon=1&start=520&search=&all=1925,2017-06-09
http://www.strana-cvetov.kiev.ua/mapa/?lang=rus&go=1&rayon=1&start=493&search=&all=1925,2017-06-09
http://www.strana-cvetov.kiev.ua/mapa/?lang=eng&go=1&rayon=1&start=527&search=&all=1925,2017-06-09
http://www.strana-cvetov.kiev.ua/mapa/?lang=eng&go=1&rayon=1&start=515&search=&all=1925,2017-06-09
http://www.strana-cvetov.kiev.ua/mapa/?lang=eng&go=1&rayon=1&start=514&search=&all=1925,2017-06-09
http://www.strana-cvetov.kiev.ua/mapa/?lang=eng&go=1&rayon=1&start=507&search=&all=1925,2017-06-09
http://www.strana-cvetov.kiev.ua/mapa/?lang=eng&go=1&rayon=1&start=503&search=&all=1925,2017-06-09
http://www.strana-cvetov.kiev.ua/mapa/?lang=eng&go=1&rayon=1&start=500&search=&all=1925,2017-06-09
http://www.strana-cvetov.kiev.ua/mapa/?lang=eng&go=1&rayon=1&start=485&search=&all=1925,2017-06-09
http://www.strana-cvetov.kiev.ua/mapa/?go=1&rayon=1&lang=ukr&start=534&all=1925,2017-06-09
http://www.strana-cvetov.kiev.ua/mapa/?go=1&rayon=1&lang=ukr&start=515&all=1925,2017-06-09
http://www.strana-cvetov.kiev.ua/mapa/?go=1&rayon=1&lang=ukr&start=511&all=1925,2017-06-09
http://www.strana-cvetov.kiev.ua/mapa/?go=1&rayon=1&lang=ukr&start=510&all=1925,2017-06-09
http://www.strana-cvetov.kiev.ua/mapa/?go=1&rayon=1&lang=ukr&start=506&all=1925,2017-06-09
http://www.strana-cvetov.kiev.ua/mapa/?go=1&rayon=1&lang=ukr&start=502&all=1925,2017-06-09
http://www.strana-cvetov.kiev.ua/mapa/?go=1&rayon=1&lang=ukr&start=498&all=1925,2017-06-09
http://www.strana-cvetov.kiev.ua/mapa/?go=1&rayon=1&lang=ukr&start=480&all=1925,2017-06-09
http://www.strana-cvetov.kiev.ua/mapa/?go=1&rayon=1&lang=rus&start=522&all=1925,2017-06-09
http://www.strana-cvetov.kiev.ua/mapa/?go=1&rayon=1&lang=rus&start=513&all=1925,2017-06-09
http://www.strana-cvetov.kiev.ua/mapa/?go=1&rayon=1&lang=rus&start=512&all=1925,2017-06-09
http://www.strana-cvetov.kiev.ua/mapa/?go=1&rayon=1&lang=rus&start=500&all=1925,2017-06-09
http://www.strana-cvetov.kiev.ua/mapa/?go=1&rayon=1&lang=rus&start=496&all=1925,2017-06-09
http://www.strana-cvetov.kiev.ua/mapa/?go=1&rayon=1&lang=eng&start=531&all=1925,2017-06-09
http://www.strana-cvetov.kiev.ua/mapa/?go=1&rayon=1&lang=eng&start=517&all=1925,2017-06-09
http://www.strana-cvetov.kiev.ua/mapa/?go=1&rayon=1&lang=eng&start=487&all=1925,2017-06-09
http://www.strana-cvetov.kiev.ua/mapa/?go=1&rayon=1&lang=eng&start=223&all=1928,2017-06-09
http://www.progulka.kiev.ua/mapa/?go=1&rayon=6&lang=ukr&start=1098&all=1098,2017-06-09
http://ru-board.club/internet/graphic/206169.html,2017-06-09
http://www.progulka.kiev.ua/mapa/?go=1&rayon=2&lang=rus&start=0&all=75,2017-06-08
https://rabota.ua/ua/company4536245/vacancy6756163,2017-06-07
http://www.strana-cvetov.kiev.ua/mapa/?lang=eng&go=1&rayon=1&start=196&search=&all=2172,2017-06-07
http://www.strana-cvetov.kiev.ua/mapa/?go=1&rayon=1&lang=eng&start=1659&all=1928,2017-06-07
http://www.progulka.kiev.ua/news/index.php?lang=rus&all=394&len=5&start=295,2017-06-07
http://gameinside.ua/?p15754&paged=427,2017-06-07
https://advodka.com/keyword/%D0%BF%D0%B5%D1%87%D0%B0%D1%82%D1%8C%20%D0%BD%D0%B0%20%D1%82%D0%BA%D0%B0%D0%BD%D0%B8%20%D0%BA%D0%B8%D0%B5%D0%B2,2017-06-06
http://hotibo.com.ua/biznes-yslygi/proizvodstvennye-yslygi/a-screen-pechat-na-fytbolkax-shvejnoe-proizvodstvo-v-kieve-izgotovlenie-syvenirov_i124154,2017-06-06
http://xn----btbeefogby2aeg6ao.xn--p1ai/?id=1125293931,2017-06-05
http://www.progulka.kiev.ua/vistavka/?i=52,2017-06-05
http://www.strana-cvetov.kiev.ua/mapa/?lang=rus&go=1&rayon=1&start=511&search=&all=1925,2017-06-04
http://www.strana-cvetov.kiev.ua/mapa/?lang=eng&go=1&rayon=1&start=512&search=&all=1925,2017-06-04
http://www.strana-cvetov.kiev.ua/mapa/?go=1&rayon=1&lang=ukr&start=503&all=1925,2017-06-04
http://www.rhiannonartecelta.com/foro//memberlist.php?mode=joined&order=ASC&start=547400&sid=861bba9d4e8baac9ac44c5ee8e3f756d,2017-06-04
http://www.progulka.kiev.ua/video/index.php?all=27&len=9&start=0,2017-06-04
http://www.suworow.pl/forum/memberlist.php?mode=mqtscgpsiktkhiv&order=ASC&start=11850&sid=2c80000b989f5402632716a32227a5e5,2017-06-03
http://www.strana-cvetov.kiev.ua/mapa/?lang=rus&go=1&rayon=1&start=47&search=&all=2069,2017-06-03
http://www.strana-cvetov.kiev.ua/mapa/?lang=eng&go=1&rayon=1&start=490&search=&all=1925,2017-06-03
http://www.strana-cvetov.kiev.ua/mapa/?go=1&rayon=1&lang=ukr&start=194&all=2172,2017-06-03
http://www.strana-cvetov.kiev.ua/mapa/?go=1&rayon=1&lang=rus&start=791&all=1925,2017-06-03
http://www.strana-cvetov.kiev.ua/mapa/?go=0&lang=ukr,2017-06-03
http://www.progulka.kiev.ua/news/index.php?lang=rus&all=7949&len=5&start=2335,2017-06-03
http://www.progulka.kiev.ua/mapa/?go=1&rayon=7&lang=ukr&start=485&all=485,2017-06-03
http://www.strana-cvetov.kiev.ua/mapa/?lang=rus&go=1&rayon=1&start=2421&search=&all=2421,2017-06-02
http://www.progulka.kiev.ua/video/?lang=eng&go=&rayon=&start=&search=&all=,2017-06-02
http://unlimited.pyche.net/pyc/memberlist.php?mode=joined&order=ASC&start=5650&sid=8e3780dba1293afb7fb417cb415e8275,2017-06-02
http://www.strana-cvetov.kiev.ua/mapa/?go=1&rayon=1&lang=eng&start=504&all=1925,2017-06-01
http://www.rhiannonartecelta.com/foro//memberlist.php?mode=joined&order=ASC&start=547700&sid=a7d94125be6479dabde84c7d6a56a205,2017-06-01
http://cetedifreapp.magix.net/save/vyshivka_risunka_na_futbolke_kiev.html,2017-06-01
http://www.strana-cvetov.kiev.ua/mapa/?lang=ukr&go=1&rayon=1&start=361&search=&all=1925,2017-05-31
http://www.strana-cvetov.kiev.ua/mapa/?lang=rus&go=1&rayon=1&start=357&search=&all=1925,2017-05-31
http://www.strana-cvetov.kiev.ua/mapa/?go=1&rayon=1&lang=rus&start=396&all=1925,2017-05-31
http://www.strana-cvetov.kiev.ua/mapa/?go=1&rayon=1&lang=rus&start=393&all=1925,2017-05-31
http://www.strana-cvetov.kiev.ua/mapa/?go=1&rayon=1&lang=rus&start=376&all=1925,2017-05-31
http://www.strana-cvetov.kiev.ua/mapa/?go=1&rayon=1&lang=rus&start=358&all=1925,2017-05-31
http://www.strana-cvetov.kiev.ua/mapa/?go=1&rayon=1&lang=eng&start=417&all=1925,2017-05-31
http://www.strana-cvetov.kiev.ua/mapa/?go=1&rayon=1&lang=eng&start=412&all=1925,2017-05-31
http://www.strana-cvetov.kiev.ua/mapa/?go=1&rayon=1&lang=eng&start=378&all=1925,2017-05-31
http://www.progulka.kiev.ua/mapa/?lang=eng&go=1&rayon=4&start=4279&search=&all=4279,2017-05-31
http://www.progulka.kiev.ua/mapa/?go=1&rayon=5&lang=rus&start=5229&all=5229,2017-05-31
http://www.progulka.kiev.ua/mapa/?go=1&rayon=4&lang=rus&start=1&all=4279,2017-05-31
http://print.adverman.com/old/modules/mycatalog/viewcat.php?cid=14,2017-05-31
http://www.xn--80alwm.xn--p1ai/arabic/forum/profile.php?mode=viewprofile&u=6533&sid=e7f4416f150bda8403ca54046b36881a,2017-05-30
http://www.strana-cvetov.kiev.ua/mapa/?go=1&rayon=1&lang=ukr&start=2421&all=2421,2017-05-30
http://nl.ink361.com/app/users/ig-1527502290/ascreenprint/photos,2017-05-29
http://gameinside.ua/?cat=zehdhiaurxujze&paged=422,2017-05-29
http://www.strana-cvetov.kiev.ua/mapa/?lang=rus&go=1&rayon=1&start=519&search=&all=1925,2017-05-28
http://www.strana-cvetov.kiev.ua/mapa/?lang=rus&go=0&rayon=&start=&search=&all=,2017-05-28
http://www.strana-cvetov.kiev.ua/mapa/?go=1&rayon=3&lang=rus,2017-05-28
http://www.strana-cvetov.kiev.ua/mapa/?go=1&rayon=1&lang=ukr&start=471&all=1928,2017-05-28
http://www.strana-cvetov.kiev.ua/mapa/?go=1&rayon=1&lang=eng&start=469&all=1928,2017-05-28
http://who-is-who.ua/main/contentbook/272/62,2017-05-28
http://www.strana-cvetov.kiev.ua/mapa/?go=1&rayon=1&lang=ukr&start=791&all=1925,2017-05-27
http://www.strana-cvetov.kiev.ua/mapa/?go=1&rayon=1&lang=ukr&start=46&all=2069,2017-05-27
http://www.progulka.kiev.ua/mapa/?lang=eng&go=1&rayon=2&start=4&search=&all=75,2017-05-27
http://gameinside.ua/?cat=zehdhiaurxujze&paged=421,2017-05-27
http://brovary.ruspravker.ru/shelkografiya/,2017-05-27
http://www.strana-cvetov.kiev.ua/news/index.php?lang=rus&all=0&len=5&start=1580,2017-05-26
http://www.strana-cvetov.kiev.ua/mapa/?lang=ukr&go=1&rayon=1&start=478&search=&all=1925,2017-05-26
http://www.strana-cvetov.kiev.ua/mapa/?go=1&rayon=1&lang=ukr&start=43&all=2069,2017-05-26
http://www.progulka.kiev.ua/mapa/?lang=ukr&go=1&rayon=2&start=4&search=&all=75,2017-05-26
https://yandex.ua/maps/org/kompaniia_a_skryn/1125293931?lang=ru,2017-05-25
http://www.strana-cvetov.kiev.ua/mapa/?lang=eng&go=1&rayon=1&start=471&search=&all=1928,2017-05-25
http://www.strana-cvetov.kiev.ua/mapa/?go=1&rayon=1&lang=eng&start=144&all=2069,2017-05-25
http://www.strana-cvetov.kiev.ua/mapa/?go=1&rayon=1&lang=eng,2017-05-25
http://www.strana-cvetov.kiev.ua/mapa/?lang=ukr&go=1&rayon=3&start=&search=&all=,2017-05-24
http://www.strana-cvetov.kiev.ua/mapa/?lang=ukr&go=1&rayon=1&start=1860&search=&all=1925,2017-05-24
http://www.strana-cvetov.kiev.ua/mapa/?lang=rus&go=1&rayon=3&start=-1&search=&all=-1,2017-05-24
http://www.strana-cvetov.kiev.ua/mapa/?lang=rus&go=1&rayon=1&start=278&search=&all=1928,2017-05-24
http://www.strana-cvetov.kiev.ua/mapa/?lang=rus&go=1&rayon=1&start=2171&search=&all=2172,2017-05-24
http://www.strana-cvetov.kiev.ua/mapa/?lang=eng&go=1&rayon=1&start=2170&search=&all=2172,2017-05-24
http://who-is-who.ua/main/contentbook/335/9,2017-05-24
https://www.similarweb.com/website/a-screen.com.ua,2017-05-23
http://www.supertrevligt.com/bb/memberlist.php?mode=joined&order=ASC&start=125550&sid=48fb52cca4347a202e44fd03e4fc69e7,2017-05-23
http://www.strana-cvetov.kiev.ua/mapa/?lang=ukr&go=1&rayon=1&start=400&search=&all=1928,2017-05-23
https://yellow.place/es/%D0%BF%D0%B5%D1%87%D0%B0%D1%82%D1%8C-%D0%BD%D0%B0-%D1%84%D1%83%D1%82%D0%B1%D0%BE%D0%BB%D0%BA%D0%B0%D1%85-a-screen-kyiv-ukraine,2017-05-22
http://www.strana-cvetov.kiev.ua/mapa/?go=1&rayon=1&lang=ukr&start=779&all=1925,2017-05-22
http://www.strana-cvetov.kiev.ua/mapa/?go=1&rayon=1&lang=rus&start=401&all=1928,2017-05-22
http://www.strana-cvetov.kiev.ua/mapa/?go=1&rayon=1&lang=rus&start=399&all=1928,2017-05-22
http://forum.cinemacenter.ir/member4975.html,2017-05-22
http://www.supertrevligt.com/bb/memberlist.php?mode=joined&order=ASC&start=125400&sid=592710f25737bec6f6cc4d0cba0afb39,2017-05-21
http://www.strana-cvetov.kiev.ua/mapa/?lang=rus&go=1&rayon=1&start=510&search=&all=1925,2017-05-21
http://www.strana-cvetov.kiev.ua/mapa/?go=1&rayon=7&lang=eng,2017-05-21
http://kiev.ruspravker.ru/izgotovlenie-vizitok/,2017-05-21
https://yandex.ua/maps/org/kompaniia_a_skryn/1125293931/,2017-05-20
http://www.strana-cvetov.kiev.ua/mapa/?lang=eng&go=1&rayon=1&start=227&search=&all=1928,2017-05-20
http://www.civic-club.co.ua/forum/viewtopic.php?f=7&t=20039&view=print,2017-05-20
http://gameinside.ua/?nggpage=rqxyplkmt&paged=418,2017-05-20
http://www.strana-cvetov.kiev.ua/mapa/?lang=eng&go=1&rayon=1&start=1871&search=&all=1925,2017-05-19
http://www.strana-cvetov.kiev.ua/mapa/?go=1&rayon=1&lang=ukr&start=290&all=1928,2017-05-19
http://www.strana-cvetov.kiev.ua/mapa/?go=1&rayon=1&lang=ukr&start=228&all=1928,2017-05-19
http://www.strana-cvetov.kiev.ua/mapa/?go=1&rayon=1&lang=rus&start=182&all=2172,2017-05-19
https://yandex.com.ge/maps/org/kompaniia_a_skryn/1125293931,2017-05-18
http://www.strana-cvetov.kiev.ua/mapa/?go=1&rayon=1&lang=ukr&start=2077&all=2174,2017-05-18
http://www.strana-cvetov.kiev.ua/mapa/?go=1&rayon=1&lang=rus&start=271&all=1928,2017-05-17
http://www.strana-cvetov.kiev.ua/mapa/?go=1&rayon=1&lang=eng&start=342&all=1925,2017-05-17
http://www.progulka.kiev.ua/vistavka/?i=55,2017-05-17
http://www.progulka.kiev.ua/news/index.php?lang=rus&all=394&len=5&start=350,2017-05-17
https://vk.com/wall-140154205_3,2017-05-16
http://www.strana-cvetov.kiev.ua/mapa/?lang=ukr&go=1&rayon=1&start=134&search=&all=2171,2017-05-16
http://www.progulka.kiev.ua/mapa/?lang=eng&go=1&rayon=5&start=1&search=&all=5229,2017-05-16
http://kiev.ruspravker.ru/perepletnyie-rabotyi/,2017-05-16
https://yandex.ua/maps/org/kompaniia_a_skryn/1125293931,2017-05-15
http://www.strana-cvetov.kiev.ua/mapa/?lang=ukr&go=1&rayon=1&start=40&search=&all=2175,2017-05-15
http://www.strana-cvetov.kiev.ua/mapa/?go=1&rayon=1&lang=ukr&start=164&all=2069,2017-05-15
http://gameinside.ua/?nggpage=eochubcthjba&paged=416,2017-05-15
http://gameinside.ua/?feed=rss2&author=35,2017-05-15
http://www.strana-cvetov.kiev.ua/mapa/?lang=ukr&go=1&rayon=1&start=41&search=&all=2175,2017-05-14
http://www.strana-cvetov.kiev.ua/mapa/?lang=rus&go=1&rayon=1&start=177&search=&all=1928,2017-05-14
http://www.strana-cvetov.kiev.ua/mapa/?go=1&rayon=1&lang=eng&start=42&all=2175,2017-05-14
http://www.progulka.kiev.ua/video/index.php?lang=ukr&go=&rayon=&start=18&search=&all=27,2017-05-14
http://www.progulka.kiev.ua/video/index.php?lang=eng&all=27&len=9&start=18,2017-05-14
http://www.progulka.kiev.ua/mapa/?go=1&rayon=5&lang=rus&start=2&all=5229,2017-05-14
http://www.progulka.kiev.ua/mapa/?go=1&rayon=4&lang=rus&start=4279&all=4279,2017-05-14
http://www.strana-cvetov.kiev.ua/mapa/?go=1&rayon=1&lang=ukr&start=698&all=1925,2017-05-13
http://www.progulka.kiev.ua/vistavka/?i=9,2017-05-13
http://www.progulka.kiev.ua/vistavka/?i=60,2017-05-13
http://www.progulka.kiev.ua/vistavka/?i=56,2017-05-13
http://www.progulka.kiev.ua/vistavka/?i=43,2017-05-13
http://www.progulka.kiev.ua/vistavka/?i=19,2017-05-13
http://www.progulka.kiev.ua/mapa/?lang=ukr&go=1&rayon=5&start=1&search=&all=5229,2017-05-13
http://www.strana-cvetov.kiev.ua/mapa/?lang=eng&go=1&rayon=1&start=433&search=&all=1928,2017-05-12
http://www.strana-cvetov.kiev.ua/mapa/?lang=ukr&go=1&rayon=1&start=&search=&all=,2017-05-11
http://www.strana-cvetov.kiev.ua/mapa/?go=1&rayon=1&lang=rus&start=398&all=1925,2017-05-11
http://www.progulka.kiev.ua/mapa/?go=1&rayon=5&lang=rus,2017-05-11
http://www.strana-cvetov.kiev.ua/mapa/?lang=rus&go=1&rayon=1&start=133&search=&all=2171,2017-05-10
http://www.strana-cvetov.kiev.ua/mapa/?lang=rus&go=1&rayon=1&start=132&search=&all=2171,2017-05-10
http://www.strana-cvetov.kiev.ua/mapa/?lang=eng&go=1&rayon=1&start=2066&search=&all=2289,2017-05-09
http://www.strana-cvetov.kiev.ua/mapa/?lang=eng&go=1&rayon=1&start=1870&search=&all=1925,2017-05-09
http://www.strana-cvetov.kiev.ua/mapa/?go=1&rayon=1&lang=ukr&start=430&all=1928,2017-05-09
http://www.strana-cvetov.kiev.ua/mapa/?go=1&rayon=1&lang=ukr&start=2175&all=2175,2017-05-09
http://www.strana-cvetov.kiev.ua/mapa/?go=1&rayon=1&lang=ukr&start=163&all=2069,2017-05-09
http://www.strana-cvetov.kiev.ua/mapa/?go=1&rayon=1&lang=rus&start=718&all=1925,2017-05-09
http://www.strana-cvetov.kiev.ua/mapa/?go=1&rayon=1&lang=eng&start=177&all=1928,2017-05-09
http://www.progulka.kiev.ua/video/index.php?lang=rus&all=27&len=9&start=9,2017-05-09
http://airsoftgun.ru/phpBB//memberlist.php?sk=a&sd=a&first_char=&mode=searchuser&start=21800,2017-05-09
http://www.strana-cvetov.kiev.ua/mapa/?lang=ukr&go=1&rayon=1&start=176&search=&all=1925,2017-05-08
http://www.strana-cvetov.kiev.ua/mapa/?lang=rus&go=1&rayon=1&start=176&search=&all=1925,2017-05-08
http://www.strana-cvetov.kiev.ua/mapa/?lang=eng&go=1&rayon=1&start=430&search=&all=1928,2017-05-08
http://www.strana-cvetov.kiev.ua/mapa/?lang=eng&go=1&rayon=1&start=1&search=&all=1925,2017-05-08
http://www.strana-cvetov.kiev.ua/mapa/?go=1&rayon=4&lang=ukr&start=-1&all=-1,2017-05-08
http://www.progulka.kiev.ua/mapa/?lang=rus&go=1&rayon=7&start=483&search=&all=485,2017-05-08
http://www.kancport.com.ua/ua/members/sites/search/page5_7.html?s=^main_phone,2017-05-08
http://www.xn--80alwm.xn--p1ai/arabic/forum/memberlist.php?mode=joined&order=ASC&start=1550&sid=18d8c3fc6f434a5d634a39ca608bc82a,2017-05-07
http://www.strana-cvetov.kiev.ua/mapa/?lang=eng&go=1&rayon=1&start=717&search=&all=1925,2017-05-07
http://www.strana-cvetov.kiev.ua/mapa/?lang=eng&go=1&rayon=1&start=2171&search=&all=2172,2017-05-07
http://www.strana-cvetov.kiev.ua/mapa/?go=1&rayon=1&lang=rus&start=1&all=2421,2017-05-07
http://kancport.com.ua/ua/members/sites/page0_21.html?s=main_phone,2017-05-07
http://airsoftgun.ru/phpBB//memberlist.php?mode=searchuser&start=24700&sk=m&sd=d,2017-05-07
http://airsoftgun.ru/phpBB//memberlist.php?mode=searchuser&start=17350,2017-05-07
http://www.strana-cvetov.kiev.ua/mapa/?lang=ukr&go=1&rayon=1&start=428&search=&all=1928,2017-05-06
http://www.strana-cvetov.kiev.ua/mapa/?lang=ukr&go=1&rayon=1&start=287&search=&all=1928,2017-05-06
http://www.strana-cvetov.kiev.ua/mapa/?lang=rus&go=1&rayon=1&start=5&search=&all=1928,2017-05-06
http://www.strana-cvetov.kiev.ua/mapa/?go=1&rayon=1&lang=ukr&start=13&all=2191,2017-05-06
http://www.progulka.kiev.ua/reclama/?lang=rus&go=1&rayon=&start=4&search=&all=69,2017-05-06
"http://www.placereference.com/page/%22%D0%B4%D0%B6%D0%B8%D0%BD%D0%BD%22-%D1%81%D1%82%D1%83%D0%B4%D0%B8%D1%8F-%D1%82%D0%B0%D0%BD%D1%86%D0%B0,-%D1%88%D0%BA%D0%BE%D0%BB%D0%B0-%D1%82%D0%B0%D0%BD%D1%86%D0%B5%D0%B2/556131cde841e502e3d2ec1d/",2017-05-06
http://www.strana-cvetov.kiev.ua/mapa/?lang=eng&go=1&rayon=1&start=1868&search=&all=1925,2017-05-05
http://www.strana-cvetov.kiev.ua/mapa/?go=1&rayon=1&lang=ukr&start=1868&all=1925,2017-05-05
http://www.strana-cvetov.kiev.ua/mapa/?go=1&rayon=1&lang=eng&start=1867&all=1925,2017-05-05
http://www.civic-club.co.ua/forum/viewtopic.php?f=7&t=20039&p=185294,2017-05-05
http://greencard-jobs.narod.ru/products/n/vyshivka_na_futbolkah.html,2017-05-04
http://www.strana-cvetov.kiev.ua/mapa/?lang=ukr&go=1&rayon=1&start=1864&search=&all=1925,2017-05-03
http://www.strana-cvetov.kiev.ua/mapa/?go=1&rayon=1&lang=rus&start=1868&all=1925,2017-05-03
http://tylonruffjob.magix.net/visa/221/pechat_na_futbolkah_kraskoy_kiev.html,2017-05-03
http://www.kancport.com.ua/ua/members/sites/page7_7.html?s=^main_phone,2017-05-02
http://www.kancport.com.ua/ua/members/sites/page7_23.html?s=www,2017-05-02
http://kiev.bizly.ru/1340581215-kompaniya-a-ckrin/,2017-05-02
http://gameinside.ua/?pollify_action=pollify-11&paged=411,2017-05-02
http://airsoftgun.ru/phpBB/memberlist.php?g=0&sk=f&sd=a&mode=searchuser&start=34000,2017-05-02
http://www.strana-cvetov.kiev.ua/mapa/?lang=eng&go=1&rayon=1&start=234&search=&all=1928,2017-05-01
http://kancport.com.ua/ua/members/sites/page9839_23.html?s=name,2017-05-01
http://kancport.com.ua/ua/members/sites/page5_5.html?s=^name,2017-05-01
http://kancport.com.ua/ua/members/sites/page5_21.html?s=main_phone,2017-05-01
http://kancport.com.ua/ua/members/sites/page0_5.html?s=%5Ewww,2017-05-01
http://www.strana-cvetov.kiev.ua/mapa/?lang=eng&go=1&rayon=1&start=953&search=&all=1925,2017-04-29
http://www.strana-cvetov.kiev.ua/mapa/?go=1&rayon=1&lang=ukr&start=717&all=1925,2017-04-29
http://www.progulka.kiev.ua/news/index.php?lang=rus&all=284&len=5&start=195,2017-04-29
http://gameinside.ua/?pollify_action=pollify-10&paged=410,2017-04-29
http://avtobusmicro.narod.ru/products/k/zakazat_pechat_na_futbolke.html,2017-04-27
http://forum.mu-kaimas.lt/index.php?action=profile;u=25054,2017-04-26
http://kiev.ruspravker.ru/3d-pechat/,2017-04-25
https://rabota.ua/ua/company4536245/vacancy6662145,2017-04-24
http://www.strana-cvetov.kiev.ua/mapa/?lang=rus&go=1&rayon=1&start=1636&search=&all=1925,2017-04-24
http://www.strana-cvetov.kiev.ua/mapa/?go=1&rayon=1&lang=eng&start=1637&all=1925,2017-04-24
http://www.placereference.com/page/%D0%94%D0%B0%D1%82%D0%B0%D0%BF%D1%80%D0%B8%D0%BD%D1%82/556137f7e841e502e3d2f24e/,2017-04-24
https://yandex.ua/maps/org/kompaniia_a_ckryn/1125293931/,2017-04-23
https://agora.rpgclassics.com/member.php?95265-SycleDacy&tab=activitystream&type=all&page=2,2017-04-23
http://www.progulka.kiev.ua/vistavka/?i=64,2017-04-23
http://ghqmodels.com/forum/memberlist.php?mode=joined&order=ASC&start=21000&sid=c1aebeb882d07c9c37f33f10e86d186e,2017-04-23
http://www.strana-cvetov.kiev.ua/mapa/?go=1&rayon=1&lang=rus&start=1862&all=1925,2017-04-22
http://gameinside.ua/?cat=ftvtcpzb&paged=408,2017-04-22
http://gameinside.ua/?cat=ftvtcpzb&paged=407,2017-04-21
http://brandfuge.io/ascreenprint,2017-04-21
http://www.strana-cvetov.kiev.ua/mapa/?go=1&rayon=1&lang=ukr&start=427&all=1925,2017-04-20
http://www.strana-cvetov.kiev.ua/mapa/?lang=eng&go=1&rayon=1&start=151&search=&all=2172,2017-04-19
http://www.strana-cvetov.kiev.ua/mapa/?go=1&rayon=1&lang=ukr&start=150&all=2172,2017-04-19
http://gameinside.ua/?p=fjaxidjdviky&paged=406,2017-04-19
http://www.progulka.kiev.ua/,2017-04-18
http://gameinside.ua/?p=fjaxidjdviky&paged=405,2017-04-18
http://gameinside.ua/?author=0&paged=405,2017-04-18
http://bulavky.com/category/tkanini-kiv/feed/,2017-04-18
http://www.strana-cvetov.kiev.ua/mapa/?lang=ukr&go=1&rayon=1&start=703&search=&all=1925,2017-04-17
http://www.strana-cvetov.kiev.ua/mapa/?go=1&rayon=1&lang=rus&start=283&all=1925,2017-04-17
http://www.progulka.kiev.ua/reclama/?lang=ukr&go=1&rayon=&start=2&search=&all=69,2017-04-17
http://who-is-who.ua/main/contentbook/335/58,2017-04-17
http://gameinside.ua/?pollify_action=pollify-9&paged=405,2017-04-17
http://www.spravkaforme.ru/city/kiev/product/3042416,2017-04-16
https://yellow.place/en/%D0%BF%D0%B5%D1%87%D0%B0%D1%82%D1%8C-%D0%BD%D0%B0-%D1%84%D1%83%D1%82%D0%B1%D0%BE%D0%BB%D0%BA%D0%B0%D1%85-a-screen-kyiv-ukraine,2017-04-15
http://www.strana-cvetov.kiev.ua/mapa/?lang=eng&go=1&rayon=1&start=702&search=&all=1925,2017-04-15
http://www.strana-cvetov.kiev.ua/mapa/?go=1&rayon=1&lang=rus&start=1&all=2174,2017-04-15
http://fishybb.something-fishy.org/memberlist.php?mode=joined&order=ASC&start=26200&sid=9f3e5d75ef002ec9a0578747a6082d74,2017-04-15
http://domenolog.com.ua/a-screen.kiev.ua/www.a-screen.kiev.ua,2017-04-15
http://poisk.biz.ua/reklama/reklama-v-mas-media/1991-a-screen/view-details.html,2017-04-14
http://airsoftgun.ru/phpBB/memberlist.php?g=0&sk=b&sd=d&first_char=p&start=350,2017-04-14
https://advodka.com/keyword/%D0%BF%D0%B5%D1%87%D0%B0%D1%82%D1%8C%20%D0%BD%D0%B0%20%D1%82%D0%BA%D0%B0%D0%BD%D0%B8%20%D0%BA%D0%B8%D0%B5%D0%B2?engine=google,2017-04-13
http://zh.ink361.com/app/users/1527502290/ascreenprint/photos,2017-04-13
http://www.strana-cvetov.kiev.ua/mapa/?lang=rus&go=1&rayon=1&start=2136&search=&all=2175,2017-04-13
http://kancport.com.ua/ua/members/sites/page9839_5.html,2017-04-13
http://gameinside.ua/?m=zwcjddomdlhi&paged=404,2017-04-13
http://airsoftgun.ru/phpBB/memberlist.php?g=0&sk=b&sd=d&first_char=&start=8750,2017-04-13
http://www.strana-cvetov.kiev.ua/news/index.php?lang=eng&go=&rayon=&start=2335&search=&all=7687,2017-04-12
http://www.progulka.kiev.ua/news/index.php?lang=rus&all=643&len=5&start=135,2017-04-12
http://vsevesti.com/go/ru/article/id/537008/sozdanie-sajta.html,2017-04-12
http://gameinside.ua/?cat=ahuejasvr&paged=404,2017-04-12
http://www.strana-cvetov.kiev.ua/mapa/?go=1&rayon=1&lang=eng&start=387&all=2171,2017-04-11
http://vsevesti.com/go/ru/article/id/1446732/nemetskoe-predprijatie-sborka-elementov-bytovoj-tehniki.html,2017-04-11
http://www.strana-cvetov.kiev.ua/mapa/?lang=ukr&go=1&rayon=1&start=408&search=&all=1928,2017-04-10
http://www.strana-cvetov.kiev.ua/mapa/?lang=ukr&go=1&rayon=1&start=387&search=&all=2171,2017-04-10
http://www.strana-cvetov.kiev.ua/mapa/?lang=ukr&go=1&rayon=1&start=18&search=&all=2409,2017-04-10
http://www.babyari.com/forum/memberlist.php?mode=joined&order=ASC&start=185700&sid=030e781ca3c1095799d61c8c0c5d377b,2017-04-10
http://vsevesti.com/go/ru/article/id/1203616/proizvodstvo-i-razmeshchenie-naruzhnoj-reklamy.html,2017-04-10
http://www.strana-cvetov.kiev.ua/mapa/?lang=rus&go=1&rayon=1&start=20&search=&all=2409,2017-04-09
http://www.progulka.kiev.ua/news/index.php?lang=rus&all=0&len=5&start=3660,2017-04-09
http://www.progulka.kiev.ua/mapa/?go=1&rayon=1&lang=ukr&start=4&all=1612,2017-04-09
http://memori.ru/bookmarks/973527/?page=&perpage=50,2017-04-09
http://www.progulka.kiev.ua/news/index.php?lang=rus&all=394&len=5&start=385,2017-04-08
http://www.progulka.kiev.ua/news/index.php?lang=rus&all=394&len=5&start=200,2017-04-08
http://www.placereference.com/page/opanas/5561312fe841e502e3d2eb81/,2017-04-08
http://kiev.spravker.ru/shelkografiya/,2017-04-08
http://airsoftgun.ru/phpBB/memberlist.php?mode=searchuser&start=800&sk=c&sd=d&first_char=p,2017-04-08
http://www.strana-cvetov.kiev.ua/mapa/?go=1&rayon=1&lang=rus&start=2219&all=2289,2017-04-07
https://yandex.com/maps/org/a_screen/1125293931,2017-04-06
http://www.strana-cvetov.kiev.ua/mapa/?lang=eng&go=1&rayon=1&start=426&search=&all=1928,2017-04-05
http://www.strana-cvetov.kiev.ua/mapa/?go=1&rayon=1&lang=eng&start=201&all=2289,2017-04-05
http://www.w201club.com/forum/index.php?showtopic=2353&view=findpost&p=34255,2017-04-04
http://www.strana-cvetov.kiev.ua/mapa/?lang=ukr&go=1&rayon=1&start=700&search=&all=1925,2017-04-04
http://www.strana-cvetov.kiev.ua/mapa/?go=1&rayon=1&lang=rus&start=700&all=1925,2017-04-04
http://www.strana-cvetov.kiev.ua/mapa/?go=1&rayon=1&lang=rus&start=407&all=1928,2017-04-04
http://www.strana-cvetov.kiev.ua/mapa/?go=1&rayon=1&lang=rus&start=228&all=2289,2017-04-04
http://www.strana-cvetov.kiev.ua/mapa/?go=1&rayon=1&lang=eng&start=428&all=1928,2017-04-04
http://www.strana-cvetov.kiev.ua/mapa/?go=1&rayon=1&lang=eng&start=200&all=2289,2017-04-04
http://www.placereference.com/page/BashMac-%E2%80%93-kompyuternyy-servis/5561319fe841e502e3d2ebec/,2017-04-04
http://vsevesti.com/go/ru/article/id/1150686/a-screen-pechati-na-futbolkah-shvejnoe-proizvodstvo-v-kieve-izgotovlenie-suvenirov.html,2017-04-04
http://airsoftgun.ru/phpBB/memberlist.php?g=51388&sk=c&sd=a&mode=group&start=17300,2017-04-04
http://gameinside.ua/?p15754&paged=398,2017-04-03
http://airsoftgun.ru/phpBB/memberlist.php?start=28600&g=0&sk=b&sd=a&first_char=,2017-04-03
http://memori.ru/bookmarks/973527/?page=&perpage=100,2017-04-02
http://airsoftgun.ru/phpBB/memberlist.php?mode=searchuser&start=800&g=0&sk=c&sd=d&first_char=p,2017-04-01
http://who-is-who.ua/main/contentbook/335/62,2017-03-31
http://gameinside.ua/?act&paged=397,2017-03-31
http://www.protorrents.tk/bobrdobr/people/reznikova8888/,2017-03-30
http://www.progulka.kiev.ua/reclama/?lang=eng&go=1&rayon=&start=&search=&all=,2017-03-29
http://www.kakudate.com/modules/newbb/viewtopic.php?viewmode=thread&topic_id=1346&forum=5&post_id=2091,2017-03-29
http://www.rastem.ru/forum/profile.php?mode=viewprofile&u=3265,2017-03-28
http://www.strana-cvetov.kiev.ua/mapa/?lang=ukr&go=1&rayon=1&start=324&search=&all=1925,2017-03-27
http://www.strana-cvetov.kiev.ua/mapa/?go=1&rayon=1&lang=ukr&start=2170&all=2174,2017-03-27
http://www.strana-cvetov.kiev.ua/mapa/?go=1&rayon=1&lang=eng&start=408&all=1928,2017-03-27
http://www.macnotes.de/forums/members/jackacktapcab.30056/,2017-03-27
http://www.macnotes.de/forums/members/emammahek.30066/,2017-03-27
http://vsevesti.com/go/ru/article/id/1447828/novoj-i-dostatochno-populjarnoj-uslugoj-na-segodnja-javljaetsja-viber-rassylka.html,2017-03-27
http://nadprof.ru/forum/memberlist.php?mode=joined&order=DESC&start=2900&sid=43053d13a00bbe63e6f7d7a7227db601,2017-03-27
http://imomo.tw/phpBB/profile.php?mode=viewprofile&u=96389&sid=a93ee188969ff47eba85eb967429baab,2017-03-27
http://gorodmacterov.narod.ru/products/r/vyshivki_na_futbolkah.html,2017-03-27
http://gameinside.ua/?ui=2&ik=659364d189&view=att&th=13a6a285d37f898c&attid=0.21&disp=safe&realattid=f_h8d5qm2t20&zw&paged=395,2017-03-27
http://www.strana-cvetov.kiev.ua/mapa/?go=1&rayon=1&lang=rus&start=1&all=2289,2017-03-26
http://www.strana-cvetov.kiev.ua/mapa/?go=1&rayon=1&lang=eng&start=3&all=2289,2017-03-26
http://t-store.com.ua/?PAGEN_1=9,2017-03-26
http://t-store.com.ua/,2017-03-26
http://airsoftgun.ru/phpBB//memberlist.php?sk=m&sd=d&start=24600,2017-03-26
http://airsoftgun.ru/phpBB//memberlist.php?g=51388&sk=a&sd=a&mode=group&start=21700,2017-03-26
http://www.progulka.kiev.ua/mapa/?lang=ukr&go=1&rayon=6&start=1096&search=&all=1098,2017-03-25
http://vsevesti.com/go/ru/article/id/790628/regionalinaja-reklama-v-presse.html,2017-03-25
http://vsevesti.com/go/ru/article/id/1137937/marketing-v-internet-razbiraem-protsess-na-zapchasti.html,2017-03-25
http://www.strana-cvetov.kiev.ua/mapa/?lang=ukr&go=1&rayon=1&start=130&search=&all=1925,2017-03-24
http://www.strana-cvetov.kiev.ua/mapa/?lang=eng&go=1&rayon=1&start=973&search=&all=1925,2017-03-24
http://www.strana-cvetov.kiev.ua/mapa/?go=1&rayon=1&lang=rus&start=968&all=1925,2017-03-24
http://www.strana-cvetov.kiev.ua/mapa/?go=1&rayon=1&lang=rus&start=780&all=1925,2017-03-24
http://www.progulka.kiev.ua/reclama/?lang=ukr&go=1&rayon=&start=&search=&all=,2017-03-24
http://vsevesti.com/go/ru/article/id/505331/prodazha-telefonov-nokia.html,2017-03-24
http://vsevesti.com/go/ru/article/id/504523/narashchivanie-resnits.html,2017-03-24
http://vsevesti.com/go/ru/article/id/1413489/shveja-polisha-18000grn.html,2017-03-24
http://www.strana-cvetov.kiev.ua/mapa/?go=1&rayon=1&lang=rus&start=279&all=1925,2017-03-23
http://www.gkr.ru/companyview/61560.html,2017-03-23
http://vsevesti.com/go/ru/article/id/1447152/rezulitativnye-reklamnye-kampanii.html,2017-03-23
http://vsevesti.com/go/ru/article/id/1418225/raznorabochij-na-konservnyj-zavod-polisha-16500-grn.html,2017-03-23
http://vsevesti.com/go/ru/article/id/1418222/povar-polisha-30000-grn.html,2017-03-23
http://vsevesti.com/go/ru/article/id/1413490/karshchik-polisha-19000.html,2017-03-23
http://vsevesti.com/go/ru/article/id/1413483/raznorabochij-na-stroitelistvo-avtostrada-polisha-23000grn.html,2017-03-23
http://vsevesti.com/go/ru/article/id/1413472/rabochij-na-mjasokombinat-polisha-13000grn.html,2017-03-23
http://vsevesti.com/go/ru/article/id/1413454/operator-upakovochnyh-mashin-polisha-16500grn.html,2017-03-23
http://vsevesti.com/go/ru/article/id/1413452/rabochij-litejnoj-polisha-17000grn.html,2017-03-23
http://vsevesti.com/go/ru/article/id/1413445/traktorist-polisha-16000.html,2017-03-23
http://vsevesti.com/go/ru/article/id/1413444/voditeli-pogruzchika-polisha.html,2017-03-23
http://nadprof.ru/forum/profile.php?mode=viewprofile&u=2485&sid=fb5015a0dcb96324ad02ad415a9b73be,2017-03-23
http://www.strana-cvetov.kiev.ua/mapa/?go=1&rayon=1&lang=eng&start=407&all=1928,2017-03-22
http://www.progulka.kiev.ua/vistavka/?i=17,2017-03-22
http://imomo.tw/phpBB/profile.php?mode=viewprofile&u=96323&sid=a93ee188969ff47eba85eb967429baab,2017-03-22
http://airsoftgun.ru/phpBB//memberlist.php?start=650&first_char=p,2017-03-22
http://airsoftgun.ru/phpBB//memberlist.php?sk=a&sd=a&start=21700,2017-03-22
http://www.progulka.kiev.ua/mapa/?lang=ukr&go=1&rayon=2&start=3&search=&all=75,2017-03-21
http://who-is-who.ua/main/contentbook/335/64,2017-03-21
http://vsevesti.com/go/ru/article/id/1446541/reklama-na-monitorah-v-luchshih-biznes-tsentrah-kieva.html,2017-03-21
http://airsoftgun.ru/phpBB/memberlist.php?g=0&sk=c&sd=d&first_char=&start=18100,2017-03-21
http://www.strana-cvetov.kiev.ua/mapa/?lang=ukr&go=1&rayon=1&start=2102&search=&all=2174,2017-03-20
http://www.strana-cvetov.kiev.ua/mapa/?lang=ukr&go=1&rayon=1&start=1&search=&all=2289,2017-03-20
http://www.strana-cvetov.kiev.ua/mapa/?lang=eng&go=1&rayon=1&start=2106&search=&all=2174,2017-03-20
http://www.strana-cvetov.kiev.ua/mapa/?go=1&rayon=1&lang=ukr&start=410&all=1928,2017-03-20
http://www.placereference.com/page/%D0%A1%D0%B0%D0%BB%D0%BE%D0%BD-%D0%A1%D1%87%D0%B0%D1%81%D1%82%D1%8C%D0%B5/556131c5e841e502e3d2ec14/,2017-03-20
http://nadprof.ru/forum/memberlist.php?mode=joined&order=ASC&start=1500&sid=da3e533255cee3baa28b9bf50df5753d,2017-03-20
http://airsoftgun.ru/phpBB/memberlist.php?mode=searchuser&start=28600&g=0&sk=b&sd=a&first_char=,2017-03-20
http://airsoftgun.ru/phpBB/memberlist.php?g=0&sk=d&sd=a&start=9600,2017-03-20
http://www.strana-cvetov.kiev.ua/mapa/?lang=ukr&go=1&rayon=1&start=985&search=&all=1925,2017-03-19
http://www.strana-cvetov.kiev.ua/mapa/?lang=eng&go=1&rayon=1&start=981&search=&all=1925,2017-03-19
http://www.strana-cvetov.kiev.ua/mapa/?lang=eng&go=1&rayon=1&start=1010&search=&all=1925,2017-03-19
http://www.strana-cvetov.kiev.ua/mapa/?go=1&rayon=1&lang=rus&start=136&all=2191,2017-03-19
http://www.strana-cvetov.kiev.ua/mapa/?go=1&rayon=1&lang=eng&start=999&all=1925,2017-03-19
http://www.strana-cvetov.kiev.ua/mapa/?go=1&rayon=1&lang=eng&start=2221&all=2289,2017-03-19
http://taxiguiden.dk/forum/memberlist.php?mode=joined&order=ASC&start=132150&sid=455037d27f56e1299ab0cf65c5d01c79,2017-03-19
http://taxiguiden.dk/forum/memberlist.php?mode=joined&order=ASC&start=132050&sid=455037d27f56e1299ab0cf65c5d01c79,2017-03-19
http://www.strana-cvetov.kiev.ua/mapa/?lang=ukr&go=1&rayon=1&start=970&search=&all=1925,2017-03-18
http://www.strana-cvetov.kiev.ua/mapa/?lang=rus&go=1&rayon=1&start=373&search=&all=1928,2017-03-18
http://www.strana-cvetov.kiev.ua/mapa/?lang=rus&go=1&rayon=1&start=364&search=&all=1928,2017-03-18
http://www.strana-cvetov.kiev.ua/mapa/?go=1&rayon=1&lang=ukr&start=280&all=1925,2017-03-18
http://www.strana-cvetov.kiev.ua/mapa/?go=1&rayon=1&lang=rus&start=368&all=1928,2017-03-18
http://www.strana-cvetov.kiev.ua/mapa/?go=1&rayon=1&lang=rus&start=0&all=2174,2017-03-18
http://www.strana-cvetov.kiev.ua/mapa/?go=1&rayon=1&lang=eng&start=373&all=1928,2017-03-18
http://www.strana-cvetov.kiev.ua/mapa/?go=1&rayon=1&lang=eng&start=372&all=1928,2017-03-18
http://www.strana-cvetov.kiev.ua/mapa/?go=1&rayon=1&lang=eng&start=370&all=1928,2017-03-18
http://buonmathuot.org/member.php?6697-Roapendaddire&tab=aboutme,2017-03-18
http://buonmathuot.org/member.php?6697-Roapendaddire,2017-03-18
http://buonmathuot.org/member.php?6695-epifotiagiode&tab=aboutme,2017-03-18
http://buonmathuot.org/member.php?6695-epifotiagiode,2017-03-18
http://www.placereference.com/page/%D0%B0-%D1%81%D0%BA%D1%80%D0%B8%D0%BD-%D1%84%D1%96%D1%80%D0%BC%D0%B0-%D0%BA%D0%BF/556131dee841e502e3d2ec2e/,2017-03-17
http://motyagoth.narod.ru/mayki/k/kak_izgotovit_print_dlya_futbolki.html,2017-03-17
http://gameinside.ua/?cat=zehdhiaurxujze&paged=388,2017-03-17
https://kinh-1984.io.ua/link,2017-03-15
http://th-forum.travian.com/memberlist.php?page=1664&order=desc&sort=username,2017-03-14
http://marbella88.narod.ru/products/c/futbolki_s_vyshivkoy_na_evro.html,2017-03-12
https://rabota.ua/ua/company4536245,2017-03-08
http://www.placereference.com/page/%D0%90%D0%9D%D0%A2-%D0%90%D0%9D%D0%A2%D0%98%D0%9A%D0%92%D0%90%D0%A0%D0%9D%D0%98%D0%99-%D0%A1%D0%90%D0%9B%D0%9E%D0%9D-%D0%A2%D0%9E%D0%92/556131abe841e502e3d2ebf8/,2017-03-03
http://www.kancport.com.ua/ua/members/sites/search/page0_6.html,2017-03-02
http://www.progulka.kiev.ua/vistavka/?i=37,2017-02-28
http://www.progulka.kiev.ua/vistavka/,2017-02-26
http://confawindse.magix.net/jsf/369/pechat_na_futbolkah_kiev_olimpiyskiy.html,2017-02-23
https://yandex.ru/maps/org/a_screen/1125293931,2017-02-19
https://yandex.com.tr/harita/org/a_screen/1125293931,2017-02-19
https://rabota.ua/company4536245,2017-02-18
http://alfalaval.at.ua/publ/allweiler_nasosy_kotorym_doverjaet_mir/1-1-0-3,2017-02-17
https://vk.com/public140154205,2017-02-12
http://m.rabota.ua/company/view/4536245,2017-01-31
http://clean-serves.narod.ru/mayki/t/futbolki_kitay_kiev.html,2017-01-31
https://plus.google.com/113678816897572030325,2017-01-28
https://yandex.ru/maps/org/kompaniya_a_ckrin/1125293931,2017-01-19
http://who-is-who.ua/main/contentbook/335/127,2017-01-18
https://www.instagram.com/ascreenprint/,2017-01-12
http://www.progulka.kiev.ua/news/index.php?lang=rus&all=685&len=5&start=350,2017-01-04
http://who-is-who.ua/main/contentbook/335/65,2016-12-31
http://www.progulka.kiev.ua/vistavka/?i=10,2016-12-22
https://yandex.ua/maps/org/kompaniia_a_ckryn/1125293931,2016-12-18
http://www.progulka.kiev.ua/vistavka/?i=48,2016-12-15
http://poisk.biz.ua/reklama/reklama-v-mas-media/,2016-12-14
http://mateforum.org.ua/index.php?topic=1125.30,2016-12-11
http://www.progulka.kiev.ua/news/index.php?lang=rus&all=832&len=5&start=355,2016-12-09
http://www.progulka.kiev.ua/vistavka/?i=34,2016-12-03
http://www.strana-cvetov.kiev.ua/news/index.php?lang=rus&all=801&len=5&start=250,2016-11-28
http://www.placereference.com/page/%D0%B4%D0%B0%D1%82%D0%B0%D0%BF%D1%80%D0%B8%D0%BD%D1%82/556137f7e841e502e3d2f24e/,2016-11-22
http://maplos.com/kiev/%D1%82%D0%BA%D0%B0%D0%BD%D1%8C%20%D0%B2%D0%BE%D0%B7%D0%BB%D0%B5%20%D1%82%D0%B5%D1%80%D0%B5%D1%89%D0%B5%D0%BD%D0%BA%D0%BE%D0%B2%D1%81%D0%BA%D0%B0%D1%8F%2013,2016-11-22
http://gameinside.ua/?nggpage=rqxyplkmt&paged=509,2016-11-15
https://advodka.com/keyword/%D1%82%D0%BA%D0%B0%D0%BD%D0%B8%20%D0%BA%D0%B8%D0%B5%D0%B2,2016-11-08
http://bulavky.com/druk-na-futbolkah-shovkotrafaretnij-druk-na-tkanini-ta-suvenirah/,2016-11-07
http://saytopad.ru/modernizaciya-sajtov/index.html,2016-11-03
http://www.progulka.kiev.ua/mapa/?lang=eng&go=1&rayon=9&start=&search=&all=,2016-10-14
http://vasilkov.spravker.ru/shelkografiya/,2016-10-10
http://www.progulka.kiev.ua/mapa/?lang=eng,2016-10-05
http://www.faust.kiev.ua/clients.php,2016-10-03
http://www.progulka.kiev.ua/mapa/?lang=ukr,2016-09-28
http://gameinside.ua/?s=%D0%B4%D0%B5%D1%82%D0%B8+%D1%81+%D0%BE%D0%B3%D1%80%D0%B0%D0%BD%D0%B8%D1%87%D0%B5%D0%BD%D0%BD%D1%8B%D0%BC%D0%B8+%D0%B2%D0%BE%D0%B7%D0%BC%D0%BE%D0%B6%D0%BD%D0%BE%D1%81%D1%82%D1%8F%D0%BC%D0%B8+&feed=rss2,2016-09-17
http://www.progulka.kiev.ua/video/index.php?lang=rus&go=&rayon=&start=18&search=&all=27,2016-08-26
http://www.progulka.kiev.ua/audio/?lang=ukr,2016-08-14
http://www.progulka.kiev.ua/mapa/?go=1&rayon=9&lang=ukr,2016-08-09
http://www.progulka.kiev.ua/mapa/?go=1&rayon=10&lang=ukr,2016-08-09
http://www.progulka.kiev.ua/mapa/?go=1&rayon=7&lang=ukr,2016-08-07
http://www.progulka.kiev.ua/mapa/?go=1&rayon=5&lang=ukr,2016-08-07
http://www.progulka.kiev.ua/mapa/?go=1&rayon=4&lang=ukr,2016-08-07
http://www.progulka.kiev.ua/mapa/?go=1&rayon=3&lang=ukr,2016-08-07
http://www.progulka.kiev.ua/mapa/?go=1&rayon=1&lang=ukr,2016-08-07
http://www.progulka.kiev.ua/mapa/?go=1&rayon=8&lang=ukr,2016-07-21
https://www.work.ua/ua/jobs/by-company/419370/,2016-07-15
http://www.strana-cvetov.kiev.ua/mapa/?go=1&rayon=1&lang=rus,2016-07-11
https://www.work.ua/jobs/by-company/419370/,2016-07-09
http://hrestyky.com/kompyuterna-vishivka-na-odyazi-obyemna-vishivka-na-futboltsi-vishivka-na-futbolkah-kiyiv/,2016-06-29
http://www.progulka.kiev.ua/mapa/?go=1&rayon=2&lang=ukr,2016-06-24
http://www.progulka.kiev.ua/news/index.php?lang=rus&all=394&len=5&start=95,2016-06-23
http://www.progulka.kiev.ua/video/?lang=ukr,2016-06-15
http://www.progulka.kiev.ua/mapa/?go=1&rayon=6&lang=ukr,2016-06-15
http://www.progulka.kiev.ua/news/index.php?lang=rus&all=97&len=5&start=10,2016-05-31
http://print.adverman.com/old/modules/myarticles/print.php?storyid=10,2016-05-26
http://psylab.narod.ru/huddock/f/274.html,2016-05-24
http://v1.faust.net.ua/clients/cl_main.html,2016-05-21
http://ua.kompass.com/c/%D0%B0-%D1%81%D0%BA%D1%80%D0%B8%D0%BD-%D0%BA%D0%BF/ua100799/,2016-05-15
http://zapchasti-moto.narod.ru/agma/t/102.html,2016-05-07
http://games10000.narod.ru/products/t/chto_vyshit_na_futbolke.html,2016-05-07
http://www.progulka.kiev.ua/vistavka/?i=7,2016-05-04
http://www.progulka.kiev.ua/letters/?lang=ukr,2016-05-04
http://www.progulka.kiev.ua/vistavka/?i=8,2016-05-01
http://forum.ru-board.com/topic.cgi?forum=4&topic=2218,2016-05-01
http://maplos.com/kiev/%D1%82%D0%BA%D0%B0%D0%BD%D0%B8%20%D0%B2%D0%BE%D0%B7%D0%BB%D0%B5%20%D1%82%D0%B5%D1%80%D0%B5%D1%89%D0%B5%D0%BD%D0%BA%D0%BE%D0%B2%D1%81%D0%BA%D0%B0%D1%8F%2013,2016-04-28
http://www.progulka.kiev.ua/about/?lang=rus,2016-04-27
http://www.progulka.kiev.ua/vistavka/?i=65,2016-04-26
http://www.progulka.kiev.ua/mapa/?lang=rus,2016-04-22
http://www.progulka.kiev.ua/news/index.php?lang=rus&all=8123&len=5&start=2335,2016-04-17
http://www.krimea.kiev.ua/,2016-04-16
http://maplos.com/kiev/%D0%BF%D0%B5%D1%87%D0%B0%D1%82%D1%8C%20%D0%BD%D0%B0%20%D1%84%D1%83%D1%82%D0%B1%D0%BE%D0%BB%D0%BA%D0%B0%D1%85%20%D0%BA%D0%B8%D0%B5%D0%B2%20%D0%B2%D0%BE%D0%B7%D0%BB%D0%B5%20%D1%82%D0%B5%D1%80%D0%B5%D1%89%D0%B5%D0%BD%D0%BA%D0%BE%D0%B2%D1%81%D0%BA%D0%B0%D1%8F%2013,2016-04-16
http://www.progulka.kiev.ua/vistavka/?i=47,2016-04-15
http://maplos.com/kiev/%D1%88%D0%B5%D0%BB%D0%BA%D0%BE%D1%82%D1%80%D0%B0%D1%84%D0%B0%D1%80%D0%B5%D1%82%D0%BD%D0%B0%D1%8F%20%D0%BF%D0%B5%D1%87%D0%B0%D1%82%D1%8C%20%D0%B2%D0%BE%D0%B7%D0%BB%D0%B5%20%D1%82%D0%B5%D1%80%D0%B5%D1%89%D0%B5%D0%BD%D0%BA%D0%BE%D0%B2%D1%81%D0%BA%D0%B0%D1%8F%2013,2016-04-15
http://gameinside.ua/?p=35053,2016-04-15
http://www.mtzmaz.ru/Istoriya-Bugatti-443.html,2016-04-14
http://faust.kiev.ua/clients.php,2016-04-14
http://prapora.com/tampodruk-na-suvenirka-vigotovlennya-praporiv-kompaniya-a-screen/,2016-04-12
http://memori.qip.ru/bookmarks/7091222/,2016-04-09
http://eco-bags.com.ua/nashi_druzja.html,2016-04-08
http://www.progulka.kiev.ua/vistavka/?i=49,2016-04-07
http://read.navi-gaming.com/team_news/navidota_2_with_a_busy_schedule_today,2016-04-07
http://olov.ru/konkurs/oksumoron/news6263.php,2016-04-01
http://www.risha.kiev.ua/index2003.htm,2016-03-28
http://www.progulka.kiev.ua/vistavka/?i=50,2016-03-22
http://maplos.com/kiev/%D0%BB%D0%B5%D0%BE%D0%BD%D0%B0%D1%80%D0%B4%D0%BE%20%D0%B2%D0%BE%D0%B7%D0%BB%D0%B5%20%D0%BA%D1%80%D0%B0%D1%81%D0%BD%D0%BE%D0%B0%D1%80%D0%BC%D0%B5%D0%B9%D1%81%D0%BA%D0%B0%D1%8F%2072,2016-02-21
http://www.w201club.com/forum/index.php?showtopic=2353,2016-02-14
http://civic-club.co.ua/forum/viewtopic.php?f=7&t=20039,2016-02-06
